{
  "frozen": [
    [
      -1, 
      -1, 
      -1
    ], 
    [
      -1, 
      -1, 
      -1
    ], 
    [
      0, 
      0, 
      0
    ], 
    [
      0, 
      0, 
      0
    ], 
    [
      0, 
      0, 
      0
    ], 
    [
      0, 
      0, 
      0
    ]
  ], 
  "n_site": 6, 
  "name": [
    "c", 
    "n", 
    "h", 
    "h", 
    "h", 
    "h"
  ], 
  "coord": [
    [
      -5.53381749999999961, 
      0.712512999999999952, 
      0.405709299999999995
    ], 
    [
      -1.47572170000000003, 
      0.180568599999999996, 
      0.110256300000000002
    ], 
    [
      -6.11872750000000032, 
      1.6438645999999999, 
      2.28956980000000021
    ], 
    [
      -6.63708559999999981, 
      -0.434166500000000011, 
      -1.08592859999999991
    ], 
    [
      -0.854823200000000005, 
      -0.987832400000000055, 
      -1.33432320000000004
    ], 
    [
      -0.400555600000000012, 
      0.854886799999999947, 
      1.60177689999999995
    ]
  ]
}